-- Servidor: Optimus @ SintelTI
-- Versión del servidor: MySQL 5.5.35-2

SET FOREIGN_KEY_CHECKS = 0;

SET SQL_MODE = "NO_AUTO_VALUE_ON_ZERO";
SET time_zone = "+00:00";

/*!40101 SET @OLD_CHARACTER_SET_CLIENT=@@CHARACTER_SET_CLIENT */;
/*!40101 SET @OLD_CHARACTER_SET_RESULTS=@@CHARACTER_SET_RESULTS */;
/*!40101 SET @OLD_COLLATION_CONNECTION=@@COLLATION_CONNECTION */;
/*!40101 SET NAMES utf8 */;

--
-- Base de datos: `RegistroCivil`
--

--
-- Truncar tablas antes de insertar `ADOPCION`
--

TRUNCATE TABLE `ADOPCION`;
--
-- Truncar tablas antes de insertar `CAT_ATENDIO_PARTO`
--

TRUNCATE TABLE `CAT_ATENDIO_PARTO`;
--
-- Volcado de datos para la tabla `CAT_ATENDIO_PARTO`
--

INSERT INTO `CAT_ATENDIO_PARTO` (`id`, `FECHA_ACTUALIZACION`, `FECHA_BORRADO`, `FECHA_CREACION`, `VERSION`, `DESCRIPCION`, `usuarioBorra_id`, `usuarioCreo_id`, `usuarioModifica_id`) VALUES(0, NULL, NULL, NULL, 0, 'INDETERMINADO', NULL, NULL, NULL);
INSERT INTO `CAT_ATENDIO_PARTO` (`id`, `FECHA_ACTUALIZACION`, `FECHA_BORRADO`, `FECHA_CREACION`, `VERSION`, `DESCRIPCION`, `usuarioBorra_id`, `usuarioCreo_id`, `usuarioModifica_id`) VALUES(1, NULL, NULL, NULL, 0, 'MEDICO', NULL, NULL, NULL);
INSERT INTO `CAT_ATENDIO_PARTO` (`id`, `FECHA_ACTUALIZACION`, `FECHA_BORRADO`, `FECHA_CREACION`, `VERSION`, `DESCRIPCION`, `usuarioBorra_id`, `usuarioCreo_id`, `usuarioModifica_id`) VALUES(2, NULL, NULL, NULL, 0, 'ENFERMERA O PARTERA', NULL, NULL, NULL);
INSERT INTO `CAT_ATENDIO_PARTO` (`id`, `FECHA_ACTUALIZACION`, `FECHA_BORRADO`, `FECHA_CREACION`, `VERSION`, `DESCRIPCION`, `usuarioBorra_id`, `usuarioCreo_id`, `usuarioModifica_id`) VALUES(3, NULL, NULL, NULL, 0, 'OTRA', NULL, NULL, NULL);

--
-- Truncar tablas antes de insertar `CAT_COMPARECE`
--

TRUNCATE TABLE `CAT_COMPARECE`;
--
-- Volcado de datos para la tabla `CAT_COMPARECE`
--

INSERT INTO `CAT_COMPARECE` (`id`, `FECHA_ACTUALIZACION`, `FECHA_BORRADO`, `FECHA_CREACION`, `VERSION`, `DESCRIPCION`, `usuarioBorra_id`, `usuarioCreo_id`, `usuarioModifica_id`) VALUES(0, NULL, NULL, NULL, 0, 'INDETERMINADO', NULL, NULL, NULL);
INSERT INTO `CAT_COMPARECE` (`id`, `FECHA_ACTUALIZACION`, `FECHA_BORRADO`, `FECHA_CREACION`, `VERSION`, `DESCRIPCION`, `usuarioBorra_id`, `usuarioCreo_id`, `usuarioModifica_id`) VALUES(1, NULL, NULL, NULL, 0, 'EL PADRE', NULL, NULL, NULL);
INSERT INTO `CAT_COMPARECE` (`id`, `FECHA_ACTUALIZACION`, `FECHA_BORRADO`, `FECHA_CREACION`, `VERSION`, `DESCRIPCION`, `usuarioBorra_id`, `usuarioCreo_id`, `usuarioModifica_id`) VALUES(2, NULL, NULL, NULL, 0, 'LA MADRE', NULL, NULL, NULL);
INSERT INTO `CAT_COMPARECE` (`id`, `FECHA_ACTUALIZACION`, `FECHA_BORRADO`, `FECHA_CREACION`, `VERSION`, `DESCRIPCION`, `usuarioBorra_id`, `usuarioCreo_id`, `usuarioModifica_id`) VALUES(3, NULL, NULL, NULL, 0, 'AMBOS', NULL, NULL, NULL);
INSERT INTO `CAT_COMPARECE` (`id`, `FECHA_ACTUALIZACION`, `FECHA_BORRADO`, `FECHA_CREACION`, `VERSION`, `DESCRIPCION`, `usuarioBorra_id`, `usuarioCreo_id`, `usuarioModifica_id`) VALUES(4, NULL, NULL, NULL, 0, 'EL REGISTRADO', NULL, NULL, NULL);
INSERT INTO `CAT_COMPARECE` (`id`, `FECHA_ACTUALIZACION`, `FECHA_BORRADO`, `FECHA_CREACION`, `VERSION`, `DESCRIPCION`, `usuarioBorra_id`, `usuarioCreo_id`, `usuarioModifica_id`) VALUES(5, NULL, NULL, NULL, 0, 'PERSONA DISTINTA', NULL, NULL, NULL);
INSERT INTO `CAT_COMPARECE` (`id`, `FECHA_ACTUALIZACION`, `FECHA_BORRADO`, `FECHA_CREACION`, `VERSION`, `DESCRIPCION`, `usuarioBorra_id`, `usuarioCreo_id`, `usuarioModifica_id`) VALUES(6, NULL, NULL, NULL, 0, 'ABUELOS', NULL, NULL, NULL);

--
-- Truncar tablas antes de insertar `CAT_DESTINO_CADAVER`
--

TRUNCATE TABLE `CAT_DESTINO_CADAVER`;
--
-- Volcado de datos para la tabla `CAT_DESTINO_CADAVER`
--

INSERT INTO `CAT_DESTINO_CADAVER` (`id`, `FECHA_ACTUALIZACION`, `FECHA_BORRADO`, `FECHA_CREACION`, `VERSION`, `DESCRIPCION`, `usuarioBorra_id`, `usuarioCreo_id`, `usuarioModifica_id`) VALUES(0, NULL, NULL, NULL, 0, 'INDETERMINADO', NULL, NULL, NULL);
INSERT INTO `CAT_DESTINO_CADAVER` (`id`, `FECHA_ACTUALIZACION`, `FECHA_BORRADO`, `FECHA_CREACION`, `VERSION`, `DESCRIPCION`, `usuarioBorra_id`, `usuarioCreo_id`, `usuarioModifica_id`) VALUES(1, NULL, NULL, NULL, 0, 'INHUMACIÓN', NULL, NULL, NULL);
INSERT INTO `CAT_DESTINO_CADAVER` (`id`, `FECHA_ACTUALIZACION`, `FECHA_BORRADO`, `FECHA_CREACION`, `VERSION`, `DESCRIPCION`, `usuarioBorra_id`, `usuarioCreo_id`, `usuarioModifica_id`) VALUES(2, NULL, NULL, NULL, 0, 'CREMACIÓN', NULL, NULL, NULL);

--
-- Truncar tablas antes de insertar `CAT_ESCOLARIDAD`
--

TRUNCATE TABLE `CAT_ESCOLARIDAD`;
--
-- Volcado de datos para la tabla `CAT_ESCOLARIDAD`
--

INSERT INTO `CAT_ESCOLARIDAD` (`id`, `FECHA_ACTUALIZACION`, `FECHA_BORRADO`, `FECHA_CREACION`, `VERSION`, `DESCRIPCION`, `usuarioBorra_id`, `usuarioCreo_id`, `usuarioModifica_id`) VALUES(0, NULL, NULL, NULL, 0, 'INDETERMINADO', NULL, NULL, NULL);
INSERT INTO `CAT_ESCOLARIDAD` (`id`, `FECHA_ACTUALIZACION`, `FECHA_BORRADO`, `FECHA_CREACION`, `VERSION`, `DESCRIPCION`, `usuarioBorra_id`, `usuarioCreo_id`, `usuarioModifica_id`) VALUES(1, NULL, NULL, NULL, 0, 'SIN ESCOLARIDAD', NULL, NULL, NULL);
INSERT INTO `CAT_ESCOLARIDAD` (`id`, `FECHA_ACTUALIZACION`, `FECHA_BORRADO`, `FECHA_CREACION`, `VERSION`, `DESCRIPCION`, `usuarioBorra_id`, `usuarioCreo_id`, `usuarioModifica_id`) VALUES(2, NULL, NULL, NULL, 0, 'DE 1 A 3 AÑOS DE PRIMARIA', NULL, NULL, NULL);
INSERT INTO `CAT_ESCOLARIDAD` (`id`, `FECHA_ACTUALIZACION`, `FECHA_BORRADO`, `FECHA_CREACION`, `VERSION`, `DESCRIPCION`, `usuarioBorra_id`, `usuarioCreo_id`, `usuarioModifica_id`) VALUES(3, NULL, NULL, NULL, 0, 'DE 4 A 5 AÑOS DE PRIMARIA', NULL, NULL, NULL);
INSERT INTO `CAT_ESCOLARIDAD` (`id`, `FECHA_ACTUALIZACION`, `FECHA_BORRADO`, `FECHA_CREACION`, `VERSION`, `DESCRIPCION`, `usuarioBorra_id`, `usuarioCreo_id`, `usuarioModifica_id`) VALUES(4, NULL, NULL, NULL, 0, 'PRIMARIA COMPLETA', NULL, NULL, NULL);
INSERT INTO `CAT_ESCOLARIDAD` (`id`, `FECHA_ACTUALIZACION`, `FECHA_BORRADO`, `FECHA_CREACION`, `VERSION`, `DESCRIPCION`, `usuarioBorra_id`, `usuarioCreo_id`, `usuarioModifica_id`) VALUES(5, NULL, NULL, NULL, 0, 'SECUNDARIA O EQUIVALENTE', NULL, NULL, NULL);
INSERT INTO `CAT_ESCOLARIDAD` (`id`, `FECHA_ACTUALIZACION`, `FECHA_BORRADO`, `FECHA_CREACION`, `VERSION`, `DESCRIPCION`, `usuarioBorra_id`, `usuarioCreo_id`, `usuarioModifica_id`) VALUES(6, NULL, NULL, NULL, 0, 'PREPARATORIA O EQUIVALENTE', NULL, NULL, NULL);
INSERT INTO `CAT_ESCOLARIDAD` (`id`, `FECHA_ACTUALIZACION`, `FECHA_BORRADO`, `FECHA_CREACION`, `VERSION`, `DESCRIPCION`, `usuarioBorra_id`, `usuarioCreo_id`, `usuarioModifica_id`) VALUES(7, NULL, NULL, NULL, 0, 'PROFESIONAL', NULL, NULL, NULL);
INSERT INTO `CAT_ESCOLARIDAD` (`id`, `FECHA_ACTUALIZACION`, `FECHA_BORRADO`, `FECHA_CREACION`, `VERSION`, `DESCRIPCION`, `usuarioBorra_id`, `usuarioCreo_id`, `usuarioModifica_id`) VALUES(8, NULL, NULL, NULL, 0, 'OTRA', NULL, NULL, NULL);

--
-- Truncar tablas antes de insertar `CAT_ESTADO`
--

TRUNCATE TABLE `CAT_ESTADO`;
--
-- Volcado de datos para la tabla `CAT_ESTADO`
--

INSERT INTO `CAT_ESTADO` (`id`, `FECHA_ACTUALIZACION`, `FECHA_BORRADO`, `FECHA_CREACION`, `VERSION`, `DESCRIPCION`, `ID_RENAPO`, `usuarioBorra_id`, `usuarioCreo_id`, `usuarioModifica_id`, `ID_PAIS`) VALUES(1, NULL, NULL, NULL, 1, 'QUERETARO', 1, NULL, NULL, NULL, 1);
INSERT INTO `CAT_ESTADO` (`id`, `FECHA_ACTUALIZACION`, `FECHA_BORRADO`, `FECHA_CREACION`, `VERSION`, `DESCRIPCION`, `ID_RENAPO`, `usuarioBorra_id`, `usuarioCreo_id`, `usuarioModifica_id`, `ID_PAIS`) VALUES(2, NULL, NULL, NULL, 1, 'DISTRITO FEDERAL', 2, NULL, NULL, NULL, 1);
INSERT INTO `CAT_ESTADO` (`id`, `FECHA_ACTUALIZACION`, `FECHA_BORRADO`, `FECHA_CREACION`, `VERSION`, `DESCRIPCION`, `ID_RENAPO`, `usuarioBorra_id`, `usuarioCreo_id`, `usuarioModifica_id`, `ID_PAIS`) VALUES(3, NULL, NULL, NULL, 1, 'SAN LUIS POTOSI', 3, NULL, NULL, NULL, 1);
INSERT INTO `CAT_ESTADO` (`id`, `FECHA_ACTUALIZACION`, `FECHA_BORRADO`, `FECHA_CREACION`, `VERSION`, `DESCRIPCION`, `ID_RENAPO`, `usuarioBorra_id`, `usuarioCreo_id`, `usuarioModifica_id`, `ID_PAIS`) VALUES(4, NULL, NULL, NULL, 1, 'BUENOS AIRES', 4, NULL, NULL, NULL, 2);
INSERT INTO `CAT_ESTADO` (`id`, `FECHA_ACTUALIZACION`, `FECHA_BORRADO`, `FECHA_CREACION`, `VERSION`, `DESCRIPCION`, `ID_RENAPO`, `usuarioBorra_id`, `usuarioCreo_id`, `usuarioModifica_id`, `ID_PAIS`) VALUES(5, NULL, NULL, NULL, 1, 'ROSARIO', 5, NULL, NULL, NULL, 2);
INSERT INTO `CAT_ESTADO` (`id`, `FECHA_ACTUALIZACION`, `FECHA_BORRADO`, `FECHA_CREACION`, `VERSION`, `DESCRIPCION`, `ID_RENAPO`, `usuarioBorra_id`, `usuarioCreo_id`, `usuarioModifica_id`, `ID_PAIS`) VALUES(6, NULL, NULL, NULL, 1, 'CORDOBA', 6, NULL, NULL, NULL, 2);
INSERT INTO `CAT_ESTADO` (`id`, `FECHA_ACTUALIZACION`, `FECHA_BORRADO`, `FECHA_CREACION`, `VERSION`, `DESCRIPCION`, `ID_RENAPO`, `usuarioBorra_id`, `usuarioCreo_id`, `usuarioModifica_id`, `ID_PAIS`) VALUES(7, NULL, NULL, NULL, 1, 'SANTA FE', 7, NULL, NULL, NULL, 2);
INSERT INTO `CAT_ESTADO` (`id`, `FECHA_ACTUALIZACION`, `FECHA_BORRADO`, `FECHA_CREACION`, `VERSION`, `DESCRIPCION`, `ID_RENAPO`, `usuarioBorra_id`, `usuarioCreo_id`, `usuarioModifica_id`, `ID_PAIS`) VALUES(8, NULL, NULL, NULL, 1, 'YOKOHAMA', 8, NULL, NULL, NULL, 3);
INSERT INTO `CAT_ESTADO` (`id`, `FECHA_ACTUALIZACION`, `FECHA_BORRADO`, `FECHA_CREACION`, `VERSION`, `DESCRIPCION`, `ID_RENAPO`, `usuarioBorra_id`, `usuarioCreo_id`, `usuarioModifica_id`, `ID_PAIS`) VALUES(9, NULL, NULL, NULL, 1, 'TOKIO', 9, NULL, NULL, NULL, 3);

--
-- Truncar tablas antes de insertar `CAT_ESTADO_CIVIL`
--

TRUNCATE TABLE `CAT_ESTADO_CIVIL`;
--
-- Volcado de datos para la tabla `CAT_ESTADO_CIVIL`
--

INSERT INTO `CAT_ESTADO_CIVIL` (`id`, `FECHA_ACTUALIZACION`, `FECHA_BORRADO`, `FECHA_CREACION`, `VERSION`, `DESCRIPCION`, `usuarioBorra_id`, `usuarioCreo_id`, `usuarioModifica_id`) VALUES(1, NULL, NULL, NULL, 1, 'SOLTERO', NULL, NULL, NULL);
INSERT INTO `CAT_ESTADO_CIVIL` (`id`, `FECHA_ACTUALIZACION`, `FECHA_BORRADO`, `FECHA_CREACION`, `VERSION`, `DESCRIPCION`, `usuarioBorra_id`, `usuarioCreo_id`, `usuarioModifica_id`) VALUES(2, NULL, NULL, NULL, 1, 'CASADO', NULL, NULL, NULL);

--
-- Truncar tablas antes de insertar `CAT_INEGI_ESTADO`
--

TRUNCATE TABLE `CAT_INEGI_ESTADO`;
--
-- Volcado de datos para la tabla `CAT_INEGI_ESTADO`
--

INSERT INTO `CAT_INEGI_ESTADO` (`id`, `FECHA_ACTUALIZACION`, `FECHA_BORRADO`, `FECHA_CREACION`, `VERSION`, `DESCRIPCION`, `usuarioBorra_id`, `usuarioCreo_id`, `usuarioModifica_id`, `ID_PAIS`) VALUES(1, NULL, NULL, NULL, 1, 'DISTRITO FEDERAL', NULL, NULL, NULL, 1);
INSERT INTO `CAT_INEGI_ESTADO` (`id`, `FECHA_ACTUALIZACION`, `FECHA_BORRADO`, `FECHA_CREACION`, `VERSION`, `DESCRIPCION`, `usuarioBorra_id`, `usuarioCreo_id`, `usuarioModifica_id`, `ID_PAIS`) VALUES(2, NULL, NULL, NULL, 1, 'QUERETARO', NULL, NULL, NULL, 1);
INSERT INTO `CAT_INEGI_ESTADO` (`id`, `FECHA_ACTUALIZACION`, `FECHA_BORRADO`, `FECHA_CREACION`, `VERSION`, `DESCRIPCION`, `usuarioBorra_id`, `usuarioCreo_id`, `usuarioModifica_id`, `ID_PAIS`) VALUES(3, NULL, NULL, NULL, 1, 'MICHOACAN', NULL, NULL, NULL, 1);
INSERT INTO `CAT_INEGI_ESTADO` (`id`, `FECHA_ACTUALIZACION`, `FECHA_BORRADO`, `FECHA_CREACION`, `VERSION`, `DESCRIPCION`, `usuarioBorra_id`, `usuarioCreo_id`, `usuarioModifica_id`, `ID_PAIS`) VALUES(4, NULL, NULL, NULL, 1, 'BUENOS AIRES', NULL, NULL, NULL, 2);
INSERT INTO `CAT_INEGI_ESTADO` (`id`, `FECHA_ACTUALIZACION`, `FECHA_BORRADO`, `FECHA_CREACION`, `VERSION`, `DESCRIPCION`, `usuarioBorra_id`, `usuarioCreo_id`, `usuarioModifica_id`, `ID_PAIS`) VALUES(5, NULL, NULL, NULL, 1, 'ROSARIO', NULL, NULL, NULL, 2);
INSERT INTO `CAT_INEGI_ESTADO` (`id`, `FECHA_ACTUALIZACION`, `FECHA_BORRADO`, `FECHA_CREACION`, `VERSION`, `DESCRIPCION`, `usuarioBorra_id`, `usuarioCreo_id`, `usuarioModifica_id`, `ID_PAIS`) VALUES(6, NULL, NULL, NULL, 1, 'BRASILIA', NULL, NULL, NULL, 3);
INSERT INTO `CAT_INEGI_ESTADO` (`id`, `FECHA_ACTUALIZACION`, `FECHA_BORRADO`, `FECHA_CREACION`, `VERSION`, `DESCRIPCION`, `usuarioBorra_id`, `usuarioCreo_id`, `usuarioModifica_id`, `ID_PAIS`) VALUES(7, NULL, NULL, NULL, 1, 'SAO PAULO', NULL, NULL, NULL, 3);

--
-- Truncar tablas antes de insertar `CAT_INEGI_LOCALIDAD`
--

TRUNCATE TABLE `CAT_INEGI_LOCALIDAD`;
--
-- Volcado de datos para la tabla `CAT_INEGI_LOCALIDAD`
--

INSERT INTO `CAT_INEGI_LOCALIDAD` (`id`, `FECHA_ACTUALIZACION`, `FECHA_BORRADO`, `FECHA_CREACION`, `VERSION`, `NOMBRE`, `usuarioBorra_id`, `usuarioCreo_id`, `usuarioModifica_id`, `ID_MUNICIPIO`, `TIPO_LOCALIDAD`) VALUES(1, NULL, NULL, NULL, 1, 'SALITRE', NULL, NULL, NULL, 4, 2);
INSERT INTO `CAT_INEGI_LOCALIDAD` (`id`, `FECHA_ACTUALIZACION`, `FECHA_BORRADO`, `FECHA_CREACION`, `VERSION`, `NOMBRE`, `usuarioBorra_id`, `usuarioCreo_id`, `usuarioModifica_id`, `ID_MUNICIPIO`, `TIPO_LOCALIDAD`) VALUES(2, NULL, NULL, NULL, 1, 'QUERETARO', NULL, NULL, NULL, 4, 2);
INSERT INTO `CAT_INEGI_LOCALIDAD` (`id`, `FECHA_ACTUALIZACION`, `FECHA_BORRADO`, `FECHA_CREACION`, `VERSION`, `NOMBRE`, `usuarioBorra_id`, `usuarioCreo_id`, `usuarioModifica_id`, `ID_MUNICIPIO`, `TIPO_LOCALIDAD`) VALUES(3, NULL, NULL, NULL, 1, 'EL PUEBLITO', NULL, NULL, NULL, 2, 2);

--
-- Truncar tablas antes de insertar `CAT_INEGI_MUNICIPIO`
--

TRUNCATE TABLE `CAT_INEGI_MUNICIPIO`;
--
-- Volcado de datos para la tabla `CAT_INEGI_MUNICIPIO`
--

INSERT INTO `CAT_INEGI_MUNICIPIO` (`id`, `FECHA_ACTUALIZACION`, `FECHA_BORRADO`, `FECHA_CREACION`, `VERSION`, `DESCRIPCION`, `usuarioBorra_id`, `usuarioCreo_id`, `usuarioModifica_id`, `ID_ESTADO`) VALUES(1, NULL, NULL, NULL, 1, 'AMEALCO', NULL, NULL, NULL, 2);
INSERT INTO `CAT_INEGI_MUNICIPIO` (`id`, `FECHA_ACTUALIZACION`, `FECHA_BORRADO`, `FECHA_CREACION`, `VERSION`, `DESCRIPCION`, `usuarioBorra_id`, `usuarioCreo_id`, `usuarioModifica_id`, `ID_ESTADO`) VALUES(2, NULL, NULL, NULL, 1, 'CORREGIDORA', NULL, NULL, NULL, 2);
INSERT INTO `CAT_INEGI_MUNICIPIO` (`id`, `FECHA_ACTUALIZACION`, `FECHA_BORRADO`, `FECHA_CREACION`, `VERSION`, `DESCRIPCION`, `usuarioBorra_id`, `usuarioCreo_id`, `usuarioModifica_id`, `ID_ESTADO`) VALUES(3, NULL, NULL, NULL, 1, 'CADEREYTA', NULL, NULL, NULL, 2);
INSERT INTO `CAT_INEGI_MUNICIPIO` (`id`, `FECHA_ACTUALIZACION`, `FECHA_BORRADO`, `FECHA_CREACION`, `VERSION`, `DESCRIPCION`, `usuarioBorra_id`, `usuarioCreo_id`, `usuarioModifica_id`, `ID_ESTADO`) VALUES(4, NULL, NULL, NULL, 1, 'QUERETARO', NULL, NULL, NULL, 2);
INSERT INTO `CAT_INEGI_MUNICIPIO` (`id`, `FECHA_ACTUALIZACION`, `FECHA_BORRADO`, `FECHA_CREACION`, `VERSION`, `DESCRIPCION`, `usuarioBorra_id`, `usuarioCreo_id`, `usuarioModifica_id`, `ID_ESTADO`) VALUES(5, NULL, NULL, NULL, 1, 'CUAUHTEMOC', NULL, NULL, NULL, 1);
INSERT INTO `CAT_INEGI_MUNICIPIO` (`id`, `FECHA_ACTUALIZACION`, `FECHA_BORRADO`, `FECHA_CREACION`, `VERSION`, `DESCRIPCION`, `usuarioBorra_id`, `usuarioCreo_id`, `usuarioModifica_id`, `ID_ESTADO`) VALUES(6, NULL, NULL, NULL, 1, 'BENITO JUAREZ', NULL, NULL, NULL, 1);
INSERT INTO `CAT_INEGI_MUNICIPIO` (`id`, `FECHA_ACTUALIZACION`, `FECHA_BORRADO`, `FECHA_CREACION`, `VERSION`, `DESCRIPCION`, `usuarioBorra_id`, `usuarioCreo_id`, `usuarioModifica_id`, `ID_ESTADO`) VALUES(7, NULL, NULL, NULL, 1, 'TLALPAN', NULL, NULL, NULL, 1);
INSERT INTO `CAT_INEGI_MUNICIPIO` (`id`, `FECHA_ACTUALIZACION`, `FECHA_BORRADO`, `FECHA_CREACION`, `VERSION`, `DESCRIPCION`, `usuarioBorra_id`, `usuarioCreo_id`, `usuarioModifica_id`, `ID_ESTADO`) VALUES(8, NULL, NULL, NULL, 1, 'MIGUEL HIDALGO', NULL, NULL, NULL, 1);
INSERT INTO `CAT_INEGI_MUNICIPIO` (`id`, `FECHA_ACTUALIZACION`, `FECHA_BORRADO`, `FECHA_CREACION`, `VERSION`, `DESCRIPCION`, `usuarioBorra_id`, `usuarioCreo_id`, `usuarioModifica_id`, `ID_ESTADO`) VALUES(9, NULL, NULL, NULL, 1, 'MORELIA', NULL, NULL, NULL, 3);
INSERT INTO `CAT_INEGI_MUNICIPIO` (`id`, `FECHA_ACTUALIZACION`, `FECHA_BORRADO`, `FECHA_CREACION`, `VERSION`, `DESCRIPCION`, `usuarioBorra_id`, `usuarioCreo_id`, `usuarioModifica_id`, `ID_ESTADO`) VALUES(10, NULL, NULL, NULL, 1, 'NUEVA ITALIA', NULL, NULL, NULL, 3);
INSERT INTO `CAT_INEGI_MUNICIPIO` (`id`, `FECHA_ACTUALIZACION`, `FECHA_BORRADO`, `FECHA_CREACION`, `VERSION`, `DESCRIPCION`, `usuarioBorra_id`, `usuarioCreo_id`, `usuarioModifica_id`, `ID_ESTADO`) VALUES(11, NULL, NULL, NULL, 1, 'LAZARO CARDENAS', NULL, NULL, NULL, 3);
INSERT INTO `CAT_INEGI_MUNICIPIO` (`id`, `FECHA_ACTUALIZACION`, `FECHA_BORRADO`, `FECHA_CREACION`, `VERSION`, `DESCRIPCION`, `usuarioBorra_id`, `usuarioCreo_id`, `usuarioModifica_id`, `ID_ESTADO`) VALUES(12, NULL, NULL, NULL, 1, 'ACAMBARO', NULL, NULL, NULL, 3);

--
-- Truncar tablas antes de insertar `CAT_INEGI_PAIS`
--

TRUNCATE TABLE `CAT_INEGI_PAIS`;
--
-- Volcado de datos para la tabla `CAT_INEGI_PAIS`
--

INSERT INTO `CAT_INEGI_PAIS` (`id`, `FECHA_ACTUALIZACION`, `FECHA_BORRADO`, `FECHA_CREACION`, `VERSION`, `DESCRIPCION`, `usuarioBorra_id`, `usuarioCreo_id`, `usuarioModifica_id`) VALUES(1, NULL, NULL, NULL, 1, 'MEXICO', NULL, NULL, NULL);
INSERT INTO `CAT_INEGI_PAIS` (`id`, `FECHA_ACTUALIZACION`, `FECHA_BORRADO`, `FECHA_CREACION`, `VERSION`, `DESCRIPCION`, `usuarioBorra_id`, `usuarioCreo_id`, `usuarioModifica_id`) VALUES(2, NULL, NULL, NULL, 1, 'ARGENTINA', NULL, NULL, NULL);
INSERT INTO `CAT_INEGI_PAIS` (`id`, `FECHA_ACTUALIZACION`, `FECHA_BORRADO`, `FECHA_CREACION`, `VERSION`, `DESCRIPCION`, `usuarioBorra_id`, `usuarioCreo_id`, `usuarioModifica_id`) VALUES(3, NULL, NULL, NULL, 1, 'BRASIL', NULL, NULL, NULL);

--
-- Truncar tablas antes de insertar `CAT_LUGAR_FALLECE`
--

TRUNCATE TABLE `CAT_LUGAR_FALLECE`;
--
-- Truncar tablas antes de insertar `CAT_LUGAR_PARTO`
--

TRUNCATE TABLE `CAT_LUGAR_PARTO`;
--
-- Volcado de datos para la tabla `CAT_LUGAR_PARTO`
--

INSERT INTO `CAT_LUGAR_PARTO` (`id`, `FECHA_ACTUALIZACION`, `FECHA_BORRADO`, `FECHA_CREACION`, `VERSION`, `DESCRIPCION`, `usuarioBorra_id`, `usuarioCreo_id`, `usuarioModifica_id`) VALUES(0, NULL, NULL, NULL, 0, 'INDETERMINADO', NULL, NULL, NULL);
INSERT INTO `CAT_LUGAR_PARTO` (`id`, `FECHA_ACTUALIZACION`, `FECHA_BORRADO`, `FECHA_CREACION`, `VERSION`, `DESCRIPCION`, `usuarioBorra_id`, `usuarioCreo_id`, `usuarioModifica_id`) VALUES(1, NULL, NULL, NULL, 0, 'HOSPITAL O CLINICA OFICIAL', NULL, NULL, NULL);
INSERT INTO `CAT_LUGAR_PARTO` (`id`, `FECHA_ACTUALIZACION`, `FECHA_BORRADO`, `FECHA_CREACION`, `VERSION`, `DESCRIPCION`, `usuarioBorra_id`, `usuarioCreo_id`, `usuarioModifica_id`) VALUES(2, NULL, NULL, NULL, 0, 'HOSPITAL O CLINICA PRIVADA', NULL, NULL, NULL);
INSERT INTO `CAT_LUGAR_PARTO` (`id`, `FECHA_ACTUALIZACION`, `FECHA_BORRADO`, `FECHA_CREACION`, `VERSION`, `DESCRIPCION`, `usuarioBorra_id`, `usuarioCreo_id`, `usuarioModifica_id`) VALUES(3, NULL, NULL, NULL, 0, 'CASA PARTICULAR', NULL, NULL, NULL);
INSERT INTO `CAT_LUGAR_PARTO` (`id`, `FECHA_ACTUALIZACION`, `FECHA_BORRADO`, `FECHA_CREACION`, `VERSION`, `DESCRIPCION`, `usuarioBorra_id`, `usuarioCreo_id`, `usuarioModifica_id`) VALUES(4, NULL, NULL, NULL, 0, 'OTRO LUGAR', NULL, NULL, NULL);

--
-- Truncar tablas antes de insertar `CAT_MUNICIPIO`
--

TRUNCATE TABLE `CAT_MUNICIPIO`;
--
-- Volcado de datos para la tabla `CAT_MUNICIPIO`
--

INSERT INTO `CAT_MUNICIPIO` (`id`, `FECHA_ACTUALIZACION`, `FECHA_BORRADO`, `FECHA_CREACION`, `VERSION`, `ID_RENAPO`, `NOMBRE`, `usuarioBorra_id`, `usuarioCreo_id`, `usuarioModifica_id`, `ID_ESTADO`) VALUES(1, NULL, NULL, NULL, 1, 1, 'AMEALCO', NULL, NULL, NULL, 1);
INSERT INTO `CAT_MUNICIPIO` (`id`, `FECHA_ACTUALIZACION`, `FECHA_BORRADO`, `FECHA_CREACION`, `VERSION`, `ID_RENAPO`, `NOMBRE`, `usuarioBorra_id`, `usuarioCreo_id`, `usuarioModifica_id`, `ID_ESTADO`) VALUES(2, NULL, NULL, NULL, 1, 2, 'QUERETARO', NULL, NULL, NULL, 1);
INSERT INTO `CAT_MUNICIPIO` (`id`, `FECHA_ACTUALIZACION`, `FECHA_BORRADO`, `FECHA_CREACION`, `VERSION`, `ID_RENAPO`, `NOMBRE`, `usuarioBorra_id`, `usuarioCreo_id`, `usuarioModifica_id`, `ID_ESTADO`) VALUES(3, NULL, NULL, NULL, 1, 3, 'BENITO JUAREZ', NULL, NULL, NULL, 2);
INSERT INTO `CAT_MUNICIPIO` (`id`, `FECHA_ACTUALIZACION`, `FECHA_BORRADO`, `FECHA_CREACION`, `VERSION`, `ID_RENAPO`, `NOMBRE`, `usuarioBorra_id`, `usuarioCreo_id`, `usuarioModifica_id`, `ID_ESTADO`) VALUES(4, NULL, NULL, NULL, 1, 4, 'TLALPAN', NULL, NULL, NULL, 2);

--
-- Truncar tablas antes de insertar `CAT_OFICIAL`
--

TRUNCATE TABLE `CAT_OFICIAL`;
--
-- Volcado de datos para la tabla `CAT_OFICIAL`
--

INSERT INTO `CAT_OFICIAL` (`id`, `FECHA_ACTUALIZACION`, `FECHA_BORRADO`, `FECHA_CREACION`, `VERSION`, `NOMBRE`, `NUM_OFICIAL`, `usuarioBorra_id`, `usuarioCreo_id`, `usuarioModifica_id`) VALUES(1, NULL, NULL, NULL, 1, 'SANDRA', 1, NULL, NULL, NULL);
INSERT INTO `CAT_OFICIAL` (`id`, `FECHA_ACTUALIZACION`, `FECHA_BORRADO`, `FECHA_CREACION`, `VERSION`, `NOMBRE`, `NUM_OFICIAL`, `usuarioBorra_id`, `usuarioCreo_id`, `usuarioModifica_id`) VALUES(2, NULL, NULL, NULL, 1, 'MARIELA', 2, NULL, NULL, NULL);

--
-- Truncar tablas antes de insertar `CAT_OFICIALIA`
--

TRUNCATE TABLE `CAT_OFICIALIA`;
--
-- Volcado de datos para la tabla `CAT_OFICIALIA`
--

INSERT INTO `CAT_OFICIALIA` (`id`, `FECHA_ACTUALIZACION`, `FECHA_BORRADO`, `FECHA_CREACION`, `VERSION`, `DESCRIPCION`, `ID_RENAPO`, `LOCALIDAD`, `usuarioBorra_id`, `usuarioCreo_id`, `usuarioModifica_id`, `ID_OFICIAL`, `ID_MUNICIPIO`, `TIPO_OFICIALIA`) VALUES(1, NULL, NULL, NULL, 1, 'REFORMA', 22, NULL, NULL, NULL, NULL, 2, 1, 2);

--
-- Truncar tablas antes de insertar `CAT_PAIS`
--

TRUNCATE TABLE `CAT_PAIS`;
--
-- Volcado de datos para la tabla `CAT_PAIS`
--

INSERT INTO `CAT_PAIS` (`id`, `FECHA_ACTUALIZACION`, `FECHA_BORRADO`, `FECHA_CREACION`, `VERSION`, `DESCRIPCION`, `NACIONALIDAD`, `usuarioBorra_id`, `usuarioCreo_id`, `usuarioModifica_id`) VALUES(1, NULL, NULL, NULL, 1, 'MEXICO', 'MEXICANA', NULL, NULL, NULL);
INSERT INTO `CAT_PAIS` (`id`, `FECHA_ACTUALIZACION`, `FECHA_BORRADO`, `FECHA_CREACION`, `VERSION`, `DESCRIPCION`, `NACIONALIDAD`, `usuarioBorra_id`, `usuarioCreo_id`, `usuarioModifica_id`) VALUES(2, NULL, NULL, NULL, 1, 'ARGENTINA', 'ARGENTINA', NULL, NULL, NULL);
INSERT INTO `CAT_PAIS` (`id`, `FECHA_ACTUALIZACION`, `FECHA_BORRADO`, `FECHA_CREACION`, `VERSION`, `DESCRIPCION`, `NACIONALIDAD`, `usuarioBorra_id`, `usuarioCreo_id`, `usuarioModifica_id`) VALUES(3, NULL, NULL, NULL, 1, 'JAPON', 'JAPONESA', NULL, NULL, NULL);

--
-- Truncar tablas antes de insertar `CAT_PARENTESCO`
--

TRUNCATE TABLE `CAT_PARENTESCO`;
--
-- Volcado de datos para la tabla `CAT_PARENTESCO`
--

INSERT INTO `CAT_PARENTESCO` (`id`, `FECHA_ACTUALIZACION`, `FECHA_BORRADO`, `FECHA_CREACION`, `VERSION`, `DESCRIPCION`, `usuarioBorra_id`, `usuarioCreo_id`, `usuarioModifica_id`) VALUES(0, NULL, NULL, NULL, 0, 'INDETERMINADO', NULL, NULL, NULL);
INSERT INTO `CAT_PARENTESCO` (`id`, `FECHA_ACTUALIZACION`, `FECHA_BORRADO`, `FECHA_CREACION`, `VERSION`, `DESCRIPCION`, `usuarioBorra_id`, `usuarioCreo_id`, `usuarioModifica_id`) VALUES(1, NULL, NULL, NULL, 0, 'PADRE', NULL, NULL, NULL);
INSERT INTO `CAT_PARENTESCO` (`id`, `FECHA_ACTUALIZACION`, `FECHA_BORRADO`, `FECHA_CREACION`, `VERSION`, `DESCRIPCION`, `usuarioBorra_id`, `usuarioCreo_id`, `usuarioModifica_id`) VALUES(2, NULL, NULL, NULL, 0, 'MADRE', NULL, NULL, NULL);
INSERT INTO `CAT_PARENTESCO` (`id`, `FECHA_ACTUALIZACION`, `FECHA_BORRADO`, `FECHA_CREACION`, `VERSION`, `DESCRIPCION`, `usuarioBorra_id`, `usuarioCreo_id`, `usuarioModifica_id`) VALUES(3, NULL, NULL, NULL, 0, 'HERMANO', NULL, NULL, NULL);
INSERT INTO `CAT_PARENTESCO` (`id`, `FECHA_ACTUALIZACION`, `FECHA_BORRADO`, `FECHA_CREACION`, `VERSION`, `DESCRIPCION`, `usuarioBorra_id`, `usuarioCreo_id`, `usuarioModifica_id`) VALUES(4, NULL, NULL, NULL, 0, 'HERMANA', NULL, NULL, NULL);
INSERT INTO `CAT_PARENTESCO` (`id`, `FECHA_ACTUALIZACION`, `FECHA_BORRADO`, `FECHA_CREACION`, `VERSION`, `DESCRIPCION`, `usuarioBorra_id`, `usuarioCreo_id`, `usuarioModifica_id`) VALUES(5, NULL, NULL, NULL, 0, 'ABUELO', NULL, NULL, NULL);
INSERT INTO `CAT_PARENTESCO` (`id`, `FECHA_ACTUALIZACION`, `FECHA_BORRADO`, `FECHA_CREACION`, `VERSION`, `DESCRIPCION`, `usuarioBorra_id`, `usuarioCreo_id`, `usuarioModifica_id`) VALUES(6, NULL, NULL, NULL, 0, 'ABUELA', NULL, NULL, NULL);
INSERT INTO `CAT_PARENTESCO` (`id`, `FECHA_ACTUALIZACION`, `FECHA_BORRADO`, `FECHA_CREACION`, `VERSION`, `DESCRIPCION`, `usuarioBorra_id`, `usuarioCreo_id`, `usuarioModifica_id`) VALUES(7, NULL, NULL, NULL, 0, 'TIO', NULL, NULL, NULL);
INSERT INTO `CAT_PARENTESCO` (`id`, `FECHA_ACTUALIZACION`, `FECHA_BORRADO`, `FECHA_CREACION`, `VERSION`, `DESCRIPCION`, `usuarioBorra_id`, `usuarioCreo_id`, `usuarioModifica_id`) VALUES(8, NULL, NULL, NULL, 0, 'TIA', NULL, NULL, NULL);
INSERT INTO `CAT_PARENTESCO` (`id`, `FECHA_ACTUALIZACION`, `FECHA_BORRADO`, `FECHA_CREACION`, `VERSION`, `DESCRIPCION`, `usuarioBorra_id`, `usuarioCreo_id`, `usuarioModifica_id`) VALUES(9, NULL, NULL, NULL, 0, 'PRIMO', NULL, NULL, NULL);
INSERT INTO `CAT_PARENTESCO` (`id`, `FECHA_ACTUALIZACION`, `FECHA_BORRADO`, `FECHA_CREACION`, `VERSION`, `DESCRIPCION`, `usuarioBorra_id`, `usuarioCreo_id`, `usuarioModifica_id`) VALUES(10, NULL, NULL, NULL, 0, 'PRIMA', NULL, NULL, NULL);
INSERT INTO `CAT_PARENTESCO` (`id`, `FECHA_ACTUALIZACION`, `FECHA_BORRADO`, `FECHA_CREACION`, `VERSION`, `DESCRIPCION`, `usuarioBorra_id`, `usuarioCreo_id`, `usuarioModifica_id`) VALUES(11, NULL, NULL, NULL, 0, 'SOBRINO', NULL, NULL, NULL);
INSERT INTO `CAT_PARENTESCO` (`id`, `FECHA_ACTUALIZACION`, `FECHA_BORRADO`, `FECHA_CREACION`, `VERSION`, `DESCRIPCION`, `usuarioBorra_id`, `usuarioCreo_id`, `usuarioModifica_id`) VALUES(12, NULL, NULL, NULL, 0, 'SOBRINA', NULL, NULL, NULL);
INSERT INTO `CAT_PARENTESCO` (`id`, `FECHA_ACTUALIZACION`, `FECHA_BORRADO`, `FECHA_CREACION`, `VERSION`, `DESCRIPCION`, `usuarioBorra_id`, `usuarioCreo_id`, `usuarioModifica_id`) VALUES(13, NULL, NULL, NULL, 0, 'NIETO', NULL, NULL, NULL);
INSERT INTO `CAT_PARENTESCO` (`id`, `FECHA_ACTUALIZACION`, `FECHA_BORRADO`, `FECHA_CREACION`, `VERSION`, `DESCRIPCION`, `usuarioBorra_id`, `usuarioCreo_id`, `usuarioModifica_id`) VALUES(14, NULL, NULL, NULL, 0, 'NIETA', NULL, NULL, NULL);
INSERT INTO `CAT_PARENTESCO` (`id`, `FECHA_ACTUALIZACION`, `FECHA_BORRADO`, `FECHA_CREACION`, `VERSION`, `DESCRIPCION`, `usuarioBorra_id`, `usuarioCreo_id`, `usuarioModifica_id`) VALUES(15, NULL, NULL, NULL, 0, 'SUEGRO', NULL, NULL, NULL);
INSERT INTO `CAT_PARENTESCO` (`id`, `FECHA_ACTUALIZACION`, `FECHA_BORRADO`, `FECHA_CREACION`, `VERSION`, `DESCRIPCION`, `usuarioBorra_id`, `usuarioCreo_id`, `usuarioModifica_id`) VALUES(16, NULL, NULL, NULL, 0, 'SUEGRA', NULL, NULL, NULL);
INSERT INTO `CAT_PARENTESCO` (`id`, `FECHA_ACTUALIZACION`, `FECHA_BORRADO`, `FECHA_CREACION`, `VERSION`, `DESCRIPCION`, `usuarioBorra_id`, `usuarioCreo_id`, `usuarioModifica_id`) VALUES(17, NULL, NULL, NULL, 0, 'CUÑADO', NULL, NULL, NULL);
INSERT INTO `CAT_PARENTESCO` (`id`, `FECHA_ACTUALIZACION`, `FECHA_BORRADO`, `FECHA_CREACION`, `VERSION`, `DESCRIPCION`, `usuarioBorra_id`, `usuarioCreo_id`, `usuarioModifica_id`) VALUES(18, NULL, NULL, NULL, 0, 'CUÑADA', NULL, NULL, NULL);
INSERT INTO `CAT_PARENTESCO` (`id`, `FECHA_ACTUALIZACION`, `FECHA_BORRADO`, `FECHA_CREACION`, `VERSION`, `DESCRIPCION`, `usuarioBorra_id`, `usuarioCreo_id`, `usuarioModifica_id`) VALUES(19, NULL, NULL, NULL, 0, 'MEDIO HERMANO', NULL, NULL, NULL);
INSERT INTO `CAT_PARENTESCO` (`id`, `FECHA_ACTUALIZACION`, `FECHA_BORRADO`, `FECHA_CREACION`, `VERSION`, `DESCRIPCION`, `usuarioBorra_id`, `usuarioCreo_id`, `usuarioModifica_id`) VALUES(20, NULL, NULL, NULL, 0, 'NINGUNO', NULL, NULL, NULL);
INSERT INTO `CAT_PARENTESCO` (`id`, `FECHA_ACTUALIZACION`, `FECHA_BORRADO`, `FECHA_CREACION`, `VERSION`, `DESCRIPCION`, `usuarioBorra_id`, `usuarioCreo_id`, `usuarioModifica_id`) VALUES(21, NULL, NULL, NULL, 0, 'ESPOSO', NULL, NULL, NULL);
INSERT INTO `CAT_PARENTESCO` (`id`, `FECHA_ACTUALIZACION`, `FECHA_BORRADO`, `FECHA_CREACION`, `VERSION`, `DESCRIPCION`, `usuarioBorra_id`, `usuarioCreo_id`, `usuarioModifica_id`) VALUES(22, NULL, NULL, NULL, 0, 'ESPOSA', NULL, NULL, NULL);
INSERT INTO `CAT_PARENTESCO` (`id`, `FECHA_ACTUALIZACION`, `FECHA_BORRADO`, `FECHA_CREACION`, `VERSION`, `DESCRIPCION`, `usuarioBorra_id`, `usuarioCreo_id`, `usuarioModifica_id`) VALUES(23, NULL, NULL, NULL, 0, 'HIJO', NULL, NULL, NULL);
INSERT INTO `CAT_PARENTESCO` (`id`, `FECHA_ACTUALIZACION`, `FECHA_BORRADO`, `FECHA_CREACION`, `VERSION`, `DESCRIPCION`, `usuarioBorra_id`, `usuarioCreo_id`, `usuarioModifica_id`) VALUES(24, NULL, NULL, NULL, 0, 'HIJA', NULL, NULL, NULL);

--
-- Truncar tablas antes de insertar `CAT_PUESTO`
--

TRUNCATE TABLE `CAT_PUESTO`;
--
-- Volcado de datos para la tabla `CAT_PUESTO`
--

INSERT INTO `CAT_PUESTO` (`id`, `FECHA_ACTUALIZACION`, `FECHA_BORRADO`, `FECHA_CREACION`, `VERSION`, `DESCRIPCION`, `usuarioBorra_id`, `usuarioCreo_id`, `usuarioModifica_id`) VALUES(0, NULL, NULL, NULL, 0, 'INDETERMINADO', NULL, NULL, NULL);
INSERT INTO `CAT_PUESTO` (`id`, `FECHA_ACTUALIZACION`, `FECHA_BORRADO`, `FECHA_CREACION`, `VERSION`, `DESCRIPCION`, `usuarioBorra_id`, `usuarioCreo_id`, `usuarioModifica_id`) VALUES(1, NULL, NULL, NULL, 0, 'OBRERO', NULL, NULL, NULL);
INSERT INTO `CAT_PUESTO` (`id`, `FECHA_ACTUALIZACION`, `FECHA_BORRADO`, `FECHA_CREACION`, `VERSION`, `DESCRIPCION`, `usuarioBorra_id`, `usuarioCreo_id`, `usuarioModifica_id`) VALUES(2, NULL, NULL, NULL, 0, 'JORNALERO O PEON', NULL, NULL, NULL);
INSERT INTO `CAT_PUESTO` (`id`, `FECHA_ACTUALIZACION`, `FECHA_BORRADO`, `FECHA_CREACION`, `VERSION`, `DESCRIPCION`, `usuarioBorra_id`, `usuarioCreo_id`, `usuarioModifica_id`) VALUES(3, NULL, NULL, NULL, 0, 'EMPLEADO', NULL, NULL, NULL);
INSERT INTO `CAT_PUESTO` (`id`, `FECHA_ACTUALIZACION`, `FECHA_BORRADO`, `FECHA_CREACION`, `VERSION`, `DESCRIPCION`, `usuarioBorra_id`, `usuarioCreo_id`, `usuarioModifica_id`) VALUES(4, NULL, NULL, NULL, 0, 'PATRON O EMPRESARIO', NULL, NULL, NULL);
INSERT INTO `CAT_PUESTO` (`id`, `FECHA_ACTUALIZACION`, `FECHA_BORRADO`, `FECHA_CREACION`, `VERSION`, `DESCRIPCION`, `usuarioBorra_id`, `usuarioCreo_id`, `usuarioModifica_id`) VALUES(5, NULL, NULL, NULL, 0, 'MIEMBRO DE COOPERATIVA', NULL, NULL, NULL);
INSERT INTO `CAT_PUESTO` (`id`, `FECHA_ACTUALIZACION`, `FECHA_BORRADO`, `FECHA_CREACION`, `VERSION`, `DESCRIPCION`, `usuarioBorra_id`, `usuarioCreo_id`, `usuarioModifica_id`) VALUES(6, NULL, NULL, NULL, 0, 'TRABAJADOR NO REMUNERADO', NULL, NULL, NULL);
INSERT INTO `CAT_PUESTO` (`id`, `FECHA_ACTUALIZACION`, `FECHA_BORRADO`, `FECHA_CREACION`, `VERSION`, `DESCRIPCION`, `usuarioBorra_id`, `usuarioCreo_id`, `usuarioModifica_id`) VALUES(7, NULL, NULL, NULL, 0, 'TRABAJADOR POR CUENTA PROPIA EN LA VIA PUBLICA', NULL, NULL, NULL);
INSERT INTO `CAT_PUESTO` (`id`, `FECHA_ACTUALIZACION`, `FECHA_BORRADO`, `FECHA_CREACION`, `VERSION`, `DESCRIPCION`, `usuarioBorra_id`, `usuarioCreo_id`, `usuarioModifica_id`) VALUES(8, NULL, NULL, NULL, 0, 'TRABAJADOR POR CUENTA PROPIA EN SU VIVIENDA', NULL, NULL, NULL);
INSERT INTO `CAT_PUESTO` (`id`, `FECHA_ACTUALIZACION`, `FECHA_BORRADO`, `FECHA_CREACION`, `VERSION`, `DESCRIPCION`, `usuarioBorra_id`, `usuarioCreo_id`, `usuarioModifica_id`) VALUES(9, NULL, NULL, NULL, 0, 'TRABAJADOR POR CUENTA PROPIA EN SU ESTABLECIMIENTO', NULL, NULL, NULL);

--
-- Truncar tablas antes de insertar `CAT_REGIMEN`
--

TRUNCATE TABLE `CAT_REGIMEN`;
--
-- Volcado de datos para la tabla `CAT_REGIMEN`
--

INSERT INTO `CAT_REGIMEN` (`id`, `FECHA_ACTUALIZACION`, `FECHA_BORRADO`, `FECHA_CREACION`, `VERSION`, `DESCRIPCION`, `usuarioBorra_id`, `usuarioCreo_id`, `usuarioModifica_id`) VALUES(0, NULL, NULL, NULL, 0, 'DESCONOCIDO', NULL, NULL, NULL);
INSERT INTO `CAT_REGIMEN` (`id`, `FECHA_ACTUALIZACION`, `FECHA_BORRADO`, `FECHA_CREACION`, `VERSION`, `DESCRIPCION`, `usuarioBorra_id`, `usuarioCreo_id`, `usuarioModifica_id`) VALUES(1, NULL, NULL, NULL, 0, 'SOCIEDAD CONYUGAL', NULL, NULL, NULL);
INSERT INTO `CAT_REGIMEN` (`id`, `FECHA_ACTUALIZACION`, `FECHA_BORRADO`, `FECHA_CREACION`, `VERSION`, `DESCRIPCION`, `usuarioBorra_id`, `usuarioCreo_id`, `usuarioModifica_id`) VALUES(2, NULL, NULL, NULL, 0, 'SEPARACION DE BIENES', NULL, NULL, NULL);
INSERT INTO `CAT_REGIMEN` (`id`, `FECHA_ACTUALIZACION`, `FECHA_BORRADO`, `FECHA_CREACION`, `VERSION`, `DESCRIPCION`, `usuarioBorra_id`, `usuarioCreo_id`, `usuarioModifica_id`) VALUES(3, NULL, NULL, NULL, 0, 'PENDIENTE', NULL, NULL, NULL);

--
-- Truncar tablas antes de insertar `CAT_SITUACION_LABORAL`
--

TRUNCATE TABLE `CAT_SITUACION_LABORAL`;
--
-- Volcado de datos para la tabla `CAT_SITUACION_LABORAL`
--

INSERT INTO `CAT_SITUACION_LABORAL` (`id`, `FECHA_ACTUALIZACION`, `FECHA_BORRADO`, `FECHA_CREACION`, `VERSION`, `DESCRIPCION`, `usuarioBorra_id`, `usuarioCreo_id`, `usuarioModifica_id`) VALUES(0, NULL, NULL, NULL, 0, 'INDETERMINADO', NULL, NULL, NULL);
INSERT INTO `CAT_SITUACION_LABORAL` (`id`, `FECHA_ACTUALIZACION`, `FECHA_BORRADO`, `FECHA_CREACION`, `VERSION`, `DESCRIPCION`, `usuarioBorra_id`, `usuarioCreo_id`, `usuarioModifica_id`) VALUES(1, NULL, NULL, NULL, 0, 'NO TRABAJA', NULL, NULL, NULL);
INSERT INTO `CAT_SITUACION_LABORAL` (`id`, `FECHA_ACTUALIZACION`, `FECHA_BORRADO`, `FECHA_CREACION`, `VERSION`, `DESCRIPCION`, `usuarioBorra_id`, `usuarioCreo_id`, `usuarioModifica_id`) VALUES(2, NULL, NULL, NULL, 0, 'TRABAJA EN ALGUNA ACTIVIDAD AGROPECUARIA', NULL, NULL, NULL);
INSERT INTO `CAT_SITUACION_LABORAL` (`id`, `FECHA_ACTUALIZACION`, `FECHA_BORRADO`, `FECHA_CREACION`, `VERSION`, `DESCRIPCION`, `usuarioBorra_id`, `usuarioCreo_id`, `usuarioModifica_id`) VALUES(3, NULL, NULL, NULL, 0, 'TRABAJA EN ALGUNA OTRA ACTIVIDAD', NULL, NULL, NULL);

--
-- Truncar tablas antes de insertar `CAT_TIPO_DIVORCIO`
--

TRUNCATE TABLE `CAT_TIPO_DIVORCIO`;
--
-- Volcado de datos para la tabla `CAT_TIPO_DIVORCIO`
--

INSERT INTO `CAT_TIPO_DIVORCIO` (`id`, `FECHA_ACTUALIZACION`, `FECHA_BORRADO`, `FECHA_CREACION`, `VERSION`, `DESCRIPCION`, `usuarioBorra_id`, `usuarioCreo_id`, `usuarioModifica_id`) VALUES(0, NULL, NULL, NULL, 0, 'INDETERMINADO', NULL, NULL, NULL);
INSERT INTO `CAT_TIPO_DIVORCIO` (`id`, `FECHA_ACTUALIZACION`, `FECHA_BORRADO`, `FECHA_CREACION`, `VERSION`, `DESCRIPCION`, `usuarioBorra_id`, `usuarioCreo_id`, `usuarioModifica_id`) VALUES(1, NULL, NULL, NULL, 0, 'ADMINISTRATIVO', NULL, NULL, NULL);
INSERT INTO `CAT_TIPO_DIVORCIO` (`id`, `FECHA_ACTUALIZACION`, `FECHA_BORRADO`, `FECHA_CREACION`, `VERSION`, `DESCRIPCION`, `usuarioBorra_id`, `usuarioCreo_id`, `usuarioModifica_id`) VALUES(2, NULL, NULL, NULL, 0, 'JUDICIAL', NULL, NULL, NULL);

--
-- Truncar tablas antes de insertar `CAT_TIPO_DOCUMENTO`
--

TRUNCATE TABLE `CAT_TIPO_DOCUMENTO`;
--
-- Volcado de datos para la tabla `CAT_TIPO_DOCUMENTO`
--

INSERT INTO `CAT_TIPO_DOCUMENTO` (`id`, `FECHA_ACTUALIZACION`, `FECHA_BORRADO`, `FECHA_CREACION`, `VERSION`, `DESCRIPCION`, `usuarioBorra_id`, `usuarioCreo_id`, `usuarioModifica_id`) VALUES(0, NULL, NULL, NULL, 0, 'INDETERMINADO', NULL, NULL, NULL);
INSERT INTO `CAT_TIPO_DOCUMENTO` (`id`, `FECHA_ACTUALIZACION`, `FECHA_BORRADO`, `FECHA_CREACION`, `VERSION`, `DESCRIPCION`, `usuarioBorra_id`, `usuarioCreo_id`, `usuarioModifica_id`) VALUES(1, NULL, NULL, NULL, 0, 'NACIMIENTO', NULL, NULL, NULL);
INSERT INTO `CAT_TIPO_DOCUMENTO` (`id`, `FECHA_ACTUALIZACION`, `FECHA_BORRADO`, `FECHA_CREACION`, `VERSION`, `DESCRIPCION`, `usuarioBorra_id`, `usuarioCreo_id`, `usuarioModifica_id`) VALUES(2, NULL, NULL, NULL, 0, 'DEFUNCIÓN', NULL, NULL, NULL);
INSERT INTO `CAT_TIPO_DOCUMENTO` (`id`, `FECHA_ACTUALIZACION`, `FECHA_BORRADO`, `FECHA_CREACION`, `VERSION`, `DESCRIPCION`, `usuarioBorra_id`, `usuarioCreo_id`, `usuarioModifica_id`) VALUES(3, NULL, NULL, NULL, 0, 'MATRIMONIO', NULL, NULL, NULL);
INSERT INTO `CAT_TIPO_DOCUMENTO` (`id`, `FECHA_ACTUALIZACION`, `FECHA_BORRADO`, `FECHA_CREACION`, `VERSION`, `DESCRIPCION`, `usuarioBorra_id`, `usuarioCreo_id`, `usuarioModifica_id`) VALUES(4, NULL, NULL, NULL, 0, 'DIVORCIO', NULL, NULL, NULL);
INSERT INTO `CAT_TIPO_DOCUMENTO` (`id`, `FECHA_ACTUALIZACION`, `FECHA_BORRADO`, `FECHA_CREACION`, `VERSION`, `DESCRIPCION`, `usuarioBorra_id`, `usuarioCreo_id`, `usuarioModifica_id`) VALUES(5, NULL, NULL, NULL, 0, 'RECONOCIMIENTO', NULL, NULL, NULL);
INSERT INTO `CAT_TIPO_DOCUMENTO` (`id`, `FECHA_ACTUALIZACION`, `FECHA_BORRADO`, `FECHA_CREACION`, `VERSION`, `DESCRIPCION`, `usuarioBorra_id`, `usuarioCreo_id`, `usuarioModifica_id`) VALUES(6, NULL, NULL, NULL, 0, 'ADOPCIÓN', NULL, NULL, NULL);
INSERT INTO `CAT_TIPO_DOCUMENTO` (`id`, `FECHA_ACTUALIZACION`, `FECHA_BORRADO`, `FECHA_CREACION`, `VERSION`, `DESCRIPCION`, `usuarioBorra_id`, `usuarioCreo_id`, `usuarioModifica_id`) VALUES(7, NULL, NULL, NULL, 0, 'INSCRIPCIÓN', NULL, NULL, NULL);
INSERT INTO `CAT_TIPO_DOCUMENTO` (`id`, `FECHA_ACTUALIZACION`, `FECHA_BORRADO`, `FECHA_CREACION`, `VERSION`, `DESCRIPCION`, `usuarioBorra_id`, `usuarioCreo_id`, `usuarioModifica_id`) VALUES(8, NULL, NULL, NULL, 0, 'SENTENCIAS', NULL, NULL, NULL);

--
-- Truncar tablas antes de insertar `CAT_TIPO_LOCALIDAD`
--

TRUNCATE TABLE `CAT_TIPO_LOCALIDAD`;
--
-- Volcado de datos para la tabla `CAT_TIPO_LOCALIDAD`
--

INSERT INTO `CAT_TIPO_LOCALIDAD` (`id`, `FECHA_ACTUALIZACION`, `FECHA_BORRADO`, `FECHA_CREACION`, `VERSION`, `DESCRIPCION`, `usuarioBorra_id`, `usuarioCreo_id`, `usuarioModifica_id`) VALUES(1, NULL, NULL, NULL, 1, 'RURAL', NULL, NULL, NULL);
INSERT INTO `CAT_TIPO_LOCALIDAD` (`id`, `FECHA_ACTUALIZACION`, `FECHA_BORRADO`, `FECHA_CREACION`, `VERSION`, `DESCRIPCION`, `usuarioBorra_id`, `usuarioCreo_id`, `usuarioModifica_id`) VALUES(2, NULL, NULL, NULL, 1, 'URBANA', NULL, NULL, NULL);

--
-- Truncar tablas antes de insertar `CAT_TIPO_OFICIALIA`
--

TRUNCATE TABLE `CAT_TIPO_OFICIALIA`;
--
-- Volcado de datos para la tabla `CAT_TIPO_OFICIALIA`
--

INSERT INTO `CAT_TIPO_OFICIALIA` (`id`, `FECHA_ACTUALIZACION`, `FECHA_BORRADO`, `FECHA_CREACION`, `VERSION`, `DESCRIPCION`, `usuarioBorra_id`, `usuarioCreo_id`, `usuarioModifica_id`) VALUES(1, NULL, NULL, NULL, 1, 'MOVIL', NULL, NULL, NULL);
INSERT INTO `CAT_TIPO_OFICIALIA` (`id`, `FECHA_ACTUALIZACION`, `FECHA_BORRADO`, `FECHA_CREACION`, `VERSION`, `DESCRIPCION`, `usuarioBorra_id`, `usuarioCreo_id`, `usuarioModifica_id`) VALUES(2, NULL, NULL, NULL, 1, 'FIJA', NULL, NULL, NULL);

--
-- Truncar tablas antes de insertar `CAT_TIPO_OPERACION`
--

TRUNCATE TABLE `CAT_TIPO_OPERACION`;
--
-- Volcado de datos para la tabla `CAT_TIPO_OPERACION`
--

INSERT INTO `CAT_TIPO_OPERACION` (`id`, `FECHA_ACTUALIZACION`, `FECHA_BORRADO`, `FECHA_CREACION`, `VERSION`, `DESCRIPCION`, `usuarioBorra_id`, `usuarioCreo_id`, `usuarioModifica_id`) VALUES(1, NULL, NULL, NULL, 0, 'REGISTRO', NULL, NULL, NULL);
INSERT INTO `CAT_TIPO_OPERACION` (`id`, `FECHA_ACTUALIZACION`, `FECHA_BORRADO`, `FECHA_CREACION`, `VERSION`, `DESCRIPCION`, `usuarioBorra_id`, `usuarioCreo_id`, `usuarioModifica_id`) VALUES(2, NULL, NULL, NULL, 0, 'INSCRIPCION', NULL, NULL, NULL);

--
-- Truncar tablas antes de insertar `CAT_TIPO_PARTO`
--

TRUNCATE TABLE `CAT_TIPO_PARTO`;
--
-- Volcado de datos para la tabla `CAT_TIPO_PARTO`
--

INSERT INTO `CAT_TIPO_PARTO` (`id`, `FECHA_ACTUALIZACION`, `FECHA_BORRADO`, `FECHA_CREACION`, `VERSION`, `DESCRIPCION`, `usuarioBorra_id`, `usuarioCreo_id`, `usuarioModifica_id`) VALUES(0, NULL, NULL, NULL, 0, 'INDETERMINADO', NULL, NULL, NULL);
INSERT INTO `CAT_TIPO_PARTO` (`id`, `FECHA_ACTUALIZACION`, `FECHA_BORRADO`, `FECHA_CREACION`, `VERSION`, `DESCRIPCION`, `usuarioBorra_id`, `usuarioCreo_id`, `usuarioModifica_id`) VALUES(1, NULL, NULL, NULL, 0, 'SIMPLE', NULL, NULL, NULL);
INSERT INTO `CAT_TIPO_PARTO` (`id`, `FECHA_ACTUALIZACION`, `FECHA_BORRADO`, `FECHA_CREACION`, `VERSION`, `DESCRIPCION`, `usuarioBorra_id`, `usuarioCreo_id`, `usuarioModifica_id`) VALUES(2, NULL, NULL, NULL, 0, 'DOBLE', NULL, NULL, NULL);
INSERT INTO `CAT_TIPO_PARTO` (`id`, `FECHA_ACTUALIZACION`, `FECHA_BORRADO`, `FECHA_CREACION`, `VERSION`, `DESCRIPCION`, `usuarioBorra_id`, `usuarioCreo_id`, `usuarioModifica_id`) VALUES(3, NULL, NULL, NULL, 0, 'TRIPLE O MAS', NULL, NULL, NULL);

--
-- Truncar tablas antes de insertar `CAT_TIPO_SENTENCIA`
--

TRUNCATE TABLE `CAT_TIPO_SENTENCIA`;
--
-- Volcado de datos para la tabla `CAT_TIPO_SENTENCIA`
--

INSERT INTO `CAT_TIPO_SENTENCIA` (`id`, `FECHA_ACTUALIZACION`, `FECHA_BORRADO`, `FECHA_CREACION`, `VERSION`, `DESCRIPCION`, `usuarioBorra_id`, `usuarioCreo_id`, `usuarioModifica_id`) VALUES(0, NULL, NULL, NULL, 0, 'INDETERMINADO', NULL, NULL, NULL);
INSERT INTO `CAT_TIPO_SENTENCIA` (`id`, `FECHA_ACTUALIZACION`, `FECHA_BORRADO`, `FECHA_CREACION`, `VERSION`, `DESCRIPCION`, `usuarioBorra_id`, `usuarioCreo_id`, `usuarioModifica_id`) VALUES(1, NULL, NULL, NULL, 0, 'ADMINISTRATIVA', NULL, NULL, NULL);
INSERT INTO `CAT_TIPO_SENTENCIA` (`id`, `FECHA_ACTUALIZACION`, `FECHA_BORRADO`, `FECHA_CREACION`, `VERSION`, `DESCRIPCION`, `usuarioBorra_id`, `usuarioCreo_id`, `usuarioModifica_id`) VALUES(2, NULL, NULL, NULL, 0, 'JUDICIAL', NULL, NULL, NULL);
INSERT INTO `CAT_TIPO_SENTENCIA` (`id`, `FECHA_ACTUALIZACION`, `FECHA_BORRADO`, `FECHA_CREACION`, `VERSION`, `DESCRIPCION`, `usuarioBorra_id`, `usuarioCreo_id`, `usuarioModifica_id`) VALUES(3, NULL, NULL, NULL, 0, 'PENDIENTE', NULL, NULL, NULL);

--
-- Truncar tablas antes de insertar `DEFUNCION`
--

TRUNCATE TABLE `DEFUNCION`;
--
-- Truncar tablas antes de insertar `DIVORCIO`
--

TRUNCATE TABLE `DIVORCIO`;
--
-- Truncar tablas antes de insertar `DOMICILIO`
--

TRUNCATE TABLE `DOMICILIO`;
--
-- Truncar tablas antes de insertar `MATRIMONIO`
--

TRUNCATE TABLE `MATRIMONIO`;
--
-- Truncar tablas antes de insertar `NACIMIENTO`
--

TRUNCATE TABLE `NACIMIENTO`;
--
-- Truncar tablas antes de insertar `PERSONA`
--

TRUNCATE TABLE `PERSONA`;
--
-- Truncar tablas antes de insertar `RECONOCIMIENTO`
--

TRUNCATE TABLE `RECONOCIMIENTO`;
--
-- Truncar tablas antes de insertar `SEQUENCE_TABLE`
--

TRUNCATE TABLE `SEQUENCE_TABLE`;
--
-- Truncar tablas antes de insertar `USUARIO`
--

TRUNCATE TABLE `USUARIO`;
/*!40101 SET CHARACTER_SET_CLIENT=@OLD_CHARACTER_SET_CLIENT */;
/*!40101 SET CHARACTER_SET_RESULTS=@OLD_CHARACTER_SET_RESULTS */;
/*!40101 SET COLLATION_CONNECTION=@OLD_COLLATION_CONNECTION */;

SET FOREIGN_KEY_CHECKS = 1;